<?xml version="1.0" encoding="utf-8"?><Datos_Proyecto_Servicio_Movil xmlns:xsi="http://www.w3.org/2001/XMLSchema-instance" xmlns:xsd="http://www.w3.org/2001/XMLSchema"><Tipo_Solicitud>NUEVA</Tipo_Solicitud><Tipo_Actividad>202</Tipo_Actividad><Tipo_Aplicacion>SNG</Tipo_Aplicacion><Declaracion_No_Inhabilitacion>true</Declaracion_No_Inhabilitacion><Tecnico_Competente><NIF_NIE>12345678Z</NIF_NIE><Nombre>TP2</Nombre><Apellido1>1</Apellido1><Apellido2 /><Telefono>000000000</Telefono><Email>TP2.1@gmail.com</Email></Tecnico_Competente><Denominaciones><Identificador>1001</Identificador><Denom_Emision_AnchoBanda>10M0</Denom_Emision_AnchoBanda><Denom_Emision_TipoMod_Portadora>G</Denom_Emision_TipoMod_Portadora><Denom_Emision_Naturaleza_Moduladora>7</Denom_Emision_Naturaleza_Moduladora><Denom_Emision_TipoInfo_Tx>D</Denom_Emision_TipoInfo_Tx><Canalizacion_KHz>15</Canalizacion_KHz></Denominaciones><Frecuencias><Identificador>1032</Identificador><Frecuencia_Mhz>2650</Frecuencia_Mhz><Modo_Explotacion>S</Modo_Explotacion></Frecuencias><Frecuencias><Identificador>1033</Identificador><Frecuencia_Mhz>2530</Frecuencia_Mhz><Modo_Explotacion>S</Modo_Explotacion></Frecuencias><Estaciones><EstacionFSM><Datos_Estacion><Identificador>1002</Identificador><Nombre_Estacion>SDR</Nombre_Estacion><Clase_Estacion>EX</Clase_Estacion><Emplazamiento><Direccion><Ubicacion><Tipo_Via>PS</Tipo_Via><Nombre_Via>de Belén</Nombre_Via><Numero_Portal>15</Numero_Portal><Descripcion_Ubicacion>47011</Descripcion_Ubicacion></Ubicacion><Cod_INE_Termino_Municipal>186</Cod_INE_Termino_Municipal><Cod_INE_Provincia>47</Cod_INE_Provincia></Direccion><Latitud>41N3946,00</Latitud><Longitud>04W4220,00</Longitud><Cota_Terreno_Sobre_Nivel_Mar>698</Cota_Terreno_Sobre_Nivel_Mar><Emplazamiento_Compartido>true</Emplazamiento_Compartido></Emplazamiento></Datos_Estacion><Transmisor><Identificador>1002</Identificador><Radio_Cobertura_Km>6.3</Radio_Cobertura_Km><Id_Antena>1000</Id_Antena><Potencia_Radiada_Aparente><Unidad>dBm</Unidad><Valor>8</Valor></Potencia_Radiada_Aparente></Transmisor><Antena><Identificador>1000</Identificador><Caracteristica>D</Caracteristica><Altura_Sobre_Terreno_m>1</Altura_Sobre_Terreno_m><Azimut_Max_Radiacion>90</Azimut_Max_Radiacion><Abertura_Haz>70</Abertura_Haz><Ganancia_dB>5</Ganancia_dB></Antena></EstacionFSM></Estaciones><Estaciones><EstacionMTE><Datos_Estacion><Identificador>1003</Identificador><Nombre_Estacion>Módem</Nombre_Estacion><Clase_Estacion>ML</Clase_Estacion><Latitud>41N3946,00</Latitud><Longitud>04W4220,00</Longitud><Intensidad_Mediana_Campo_Necesaria_dBu>50.66</Intensidad_Mediana_Campo_Necesaria_dBu><Num_Moviles>1</Num_Moviles><Num_Portatiles>0</Num_Portatiles><Num_Solo_Rx>0</Num_Solo_Rx></Datos_Estacion><Transmisor><Identificador>1003</Identificador><Radio_Cobertura_Km>16.9</Radio_Cobertura_Km><Potencia_Tx_Moviles_W>0.19952</Potencia_Tx_Moviles_W><Potencia_Tx_Portatiles_W>0</Potencia_Tx_Portatiles_W></Transmisor></EstacionMTE></Estaciones><Vanos><Identificador>1001</Identificador><Id_Estacion_A>1002</Id_Estacion_A><Id_Transmisor>1002</Id_Transmisor><Id_Estacion_B>1003</Id_Estacion_B><Id_Denominacion>1001</Id_Denominacion><Lista_Frecuencias><Id_Frecuencia>1032</Id_Frecuencia></Lista_Frecuencias></Vanos><Vanos><Identificador>1002</Identificador><Id_Estacion_A>1003</Id_Estacion_A><Id_Transmisor>1003</Id_Transmisor><Id_Estacion_B>1002</Id_Estacion_B><Id_Denominacion>1001</Id_Denominacion><Lista_Frecuencias><Id_Frecuencia>1033</Id_Frecuencia></Lista_Frecuencias></Vanos><Documentacion><Documento_Proyecto><Nombre>._Datos adicionales no estructurados el Proyecto SMFBE.pdf</Nombre><Extension>PDF</Extension><TipoHash>SHA-512</TipoHash><ContenidoHash>979572A5F7D83283227F0240F89C0E49A3D0A42DA0C3D367A6EBD52C3020DD20651688FE006C05ABBBD9CA55CBCFED017E271E51DE1312435EFDE3EB22E6F52D</ContenidoHash></Documento_Proyecto><Declaracion_No_Inhabilitacion><Nombre>._Declaración no inhabilitación competencia profesional.pdf</Nombre><Extension>PDF</Extension><TipoHash>SHA-512</TipoHash><ContenidoHash>68155B6DCB37AC00D797DCA5D66B3E27C1DE337E38745EF4782E0C53F233C06392CD991B06B12DF5CB415585FD0315B6067A32D3D78A7DF0503C9D4BE19FA93D</ContenidoHash></Declaracion_No_Inhabilitacion></Documentacion></Datos_Proyecto_Servicio_Movil>